<?xml version="1.0" encoding="UTF-8"?>
<project-private xmlns="http://www.netbeans.org/ns/project-private/1">
    <editor-bookmarks xmlns="http://www.netbeans.org/ns/editor-bookmarks/2" lastBookmarkId="0"/>
    <open-files xmlns="http://www.netbeans.org/ns/projectui-open-files/2">
        <group>
            <file>file:/C:/Users/migue/Documents/NetBeansProjects/Shop_View_UF5P1-master/DAM1_M03_UF2_POO_Shopmain/src/view/ShopView.java</file>
            <file>file:/C:/Users/migue/Documents/NetBeansProjects/Shop_View_UF5P1-master/DAM1_M03_UF2_POO_Shopmain/src/main/Logable.java</file>
            <file>file:/C:/Users/migue/Documents/NetBeansProjects/Shop_View_UF5P1-master/DAM1_M03_UF2_POO_Shopmain/src/main/Payable.java</file>
            <file>file:/C:/Users/migue/Documents/NetBeansProjects/Shop_View_UF5P1-master/DAM1_M03_UF2_POO_Shopmain/src/view/LoginView.java</file>
            <file>file:/C:/Users/migue/Documents/NetBeansProjects/Shop_View_UF5P1-master/DAM1_M03_UF2_POO_Shopmain/src/view/ProductView.java</file>
            <file>file:/C:/Users/migue/Documents/NetBeansProjects/Shop_View_UF5P1-master/DAM1_M03_UF2_POO_Shopmain/src/view/CashView.java</file>
            <file>file:/C:/Users/migue/Documents/NetBeansProjects/Shop_View_UF5P1-master/DAM1_M03_UF2_POO_Shopmain/src/model/Product.java</file>
            <file>file:/C:/Users/migue/Documents/NetBeansProjects/Shop_View_UF5P1-master/DAM1_M03_UF2_POO_Shopmain/src/main/Shop.java</file>
        </group>
    </open-files>
</project-private>
